{
  "index.html": 1705494631799,
  "manifest.json": 1705496024047,
  "test/integration/pages/RisksList.js": 1705494631819,
  "test/integration/opaTests.qunit.js": 1705494631815,
  "test/integration/FirstJourney.js": 1705494631819,
  "test/testsuite.qunit.js": 1705494631807,
  "xs-app.json": 1705496023975,
  "test/integration/pages/RisksObjectPage.js": 1705494631819,
  "Component.js": 1705494631799,
  "test/integration/pages/RisksList-dbg.js": 1705494631819,
  "test/integration/pages/RisksList.js.map": 1705496040231,
  "test/integration/opaTests.qunit-dbg.js": 1705494631815,
  "test/integration/opaTests.qunit.js.map": 1705496040237,
  "test/integration/FirstJourney-dbg.js": 1705494631819,
  "test/integration/FirstJourney.js.map": 1705496040239,
  "test/testsuite.qunit-dbg.js": 1705494631807,
  "test/testsuite.qunit.js.map": 1705496040232,
  "test/integration/pages/RisksObjectPage-dbg.js": 1705494631819,
  "test/integration/pages/RisksObjectPage.js.map": 1705496040235,
  "Component-dbg.js": 1705494631799,
  "Component.js.map": 1705496040237,
  "Component-preload.js": 1705496040352,
  "Component-preload.js.map": 1705496040352,
  "test/integration/opaTests.qunit.html": 1705494631815,
  "test/testsuite.qunit.html": 1705494631803,
  "test/flpSandbox.html": 1705494631803,
  "localService/metadata.xml": 1705494631803,
  "i18n/i18n.properties": 1705494689449
}